{
	"credit": "Made with Blockbench",
	"texture_size": [64, 64],
	"textures": {
		"0": "block/bomb.png",
		"particle": "block/bomb.png"
	},
	"elements": [
		{
			"name": "1",
			"from": [5.2, 0, 0],
			"to": [10.2, 4, 16],
			"faces": {
				"north": {"uv": [0, 8, 1.25, 9], "texture": "#0"},
				"east": {"uv": [2.5, 4, 6.5, 5], "texture": "#0"},
				"south": {"uv": [1.25, 8, 2.5, 9], "texture": "#0"},
				"west": {"uv": [5, 0, 9, 1], "texture": "#0"},
				"up": {"uv": [1.25, 4, 0, 0], "texture": "#0"},
				"down": {"uv": [2.5, 0, 1.25, 4], "texture": "#0"}
			}
		},
		{
			"name": "2",
			"from": [0, 0, 0],
			"to": [5, 4, 16],
			"faces": {
				"north": {"uv": [2.5, 8.5, 3.75, 9.5], "texture": "#0"},
				"east": {"uv": [5, 1, 9, 2], "texture": "#0"},
				"south": {"uv": [3.75, 8.5, 5, 9.5], "texture": "#0"},
				"west": {"uv": [5, 2, 9, 3], "texture": "#0"},
				"up": {"uv": [3.75, 4, 2.5, 0], "texture": "#0"},
				"down": {"uv": [5, 0, 3.75, 4], "texture": "#0"}
			}
		},
		{
			"name": "3",
			"from": [10.4, 0, 0],
			"to": [15.4, 4, 16],
			"faces": {
				"north": {"uv": [5, 8.5, 6.25, 9.5], "texture": "#0"},
				"east": {"uv": [2.5, 5, 6.5, 6], "texture": "#0"},
				"south": {"uv": [6.25, 8.5, 7.5, 9.5], "texture": "#0"},
				"west": {"uv": [5, 3, 9, 4], "texture": "#0"},
				"up": {"uv": [1.25, 8, 0, 4], "texture": "#0"},
				"down": {"uv": [2.5, 4, 1.25, 8], "texture": "#0"}
			}
		},
		{
			"name": "scpley1",
			"from": [-0.2, -0.2, 3],
			"to": [15.6, 4.2, 6],
			"faces": {
				"north": {"uv": [2.5, 6, 6.5, 7], "texture": "#0"},
				"east": {"uv": [9, 2, 9.75, 3], "texture": "#0"},
				"south": {"uv": [6.5, 4, 10.5, 5], "texture": "#0"},
				"west": {"uv": [9, 3, 9.75, 4], "texture": "#0"},
				"up": {"uv": [6.5, 7.75, 2.5, 7], "texture": "#0"},
				"down": {"uv": [10.5, 7, 6.5, 7.75], "texture": "#0"}
			}
		},
		{
			"name": "scpley2",
			"from": [-0.2, -0.2, 10],
			"to": [15.6, 4.2, 13],
			"faces": {
				"north": {"uv": [6.5, 5, 10.5, 6], "texture": "#0"},
				"east": {"uv": [2, 9.5, 2.75, 10.5], "texture": "#0"},
				"south": {"uv": [6.5, 6, 10.5, 7], "texture": "#0"},
				"west": {"uv": [2.75, 9.5, 3.5, 10.5], "texture": "#0"},
				"up": {"uv": [6.5, 8.5, 2.5, 7.75], "texture": "#0"},
				"down": {"uv": [10.5, 7.75, 6.5, 8.5], "texture": "#0"}
			}
		},
		{
			"name": "panel",
			"from": [5.9, 1.3, 6],
			"to": [9.6, 4.8, 9.9],
			"faces": {
				"north": {"uv": [7.5, 8.5, 8.5, 9.5], "texture": "#0"},
				"east": {"uv": [8.5, 8.5, 9.5, 9.5], "texture": "#0"},
				"south": {"uv": [0, 9, 1, 10], "texture": "#0"},
				"west": {"uv": [9, 0, 10, 1], "texture": "#0"},
				"up": {"uv": [2, 10, 1, 9], "texture": "#0"},
				"down": {"uv": [10, 1, 9, 2], "texture": "#0"}
			}
		},
		{
			"name": "knopka1",
			"from": [6.4, 3.75, 6.6],
			"to": [7.1, 5.05, 7.3],
			"faces": {
				"north": {"uv": [2, 9, 2.25, 9.25], "texture": "#0"},
				"east": {"uv": [2.25, 9, 2.5, 9.25], "texture": "#0"},
				"south": {"uv": [2, 9.25, 2.25, 9.5], "texture": "#0"},
				"west": {"uv": [2.25, 9.25, 2.5, 9.5], "texture": "#0"},
				"up": {"uv": [3.75, 9.75, 3.5, 9.5], "texture": "#0"},
				"down": {"uv": [4, 9.5, 3.75, 9.75], "texture": "#0"}
			}
		},
		{
			"name": "knopka2",
			"from": [7.4, 3.75, 6.6],
			"to": [8.1, 5.05, 7.3],
			"faces": {
				"north": {"uv": [4, 9.5, 4.25, 9.75], "texture": "#0"},
				"east": {"uv": [4.25, 9.5, 4.5, 9.75], "texture": "#0"},
				"south": {"uv": [4.5, 9.5, 4.75, 9.75], "texture": "#0"},
				"west": {"uv": [4.75, 9.5, 5, 9.75], "texture": "#0"},
				"up": {"uv": [5.25, 9.75, 5, 9.5], "texture": "#0"},
				"down": {"uv": [5.5, 9.5, 5.25, 9.75], "texture": "#0"}
			}
		},
		{
			"name": "knopka3",
			"from": [8.4, 3.75, 6.6],
			"to": [9.1, 5.05, 7.3],
			"faces": {
				"north": {"uv": [5.5, 9.5, 5.75, 9.75], "texture": "#0"},
				"east": {"uv": [5.75, 9.5, 6, 9.75], "texture": "#0"},
				"south": {"uv": [6, 9.5, 6.25, 9.75], "texture": "#0"},
				"west": {"uv": [6.25, 9.5, 6.5, 9.75], "texture": "#0"},
				"up": {"uv": [6.75, 9.75, 6.5, 9.5], "texture": "#0"},
				"down": {"uv": [7, 9.5, 6.75, 9.75], "texture": "#0"}
			}
		},
		{
			"name": "knopka4",
			"from": [8.4, 3.75, 7.5],
			"to": [9.1, 5.05, 8.2],
			"faces": {
				"north": {"uv": [7, 9.5, 7.25, 9.75], "texture": "#0"},
				"east": {"uv": [7.25, 9.5, 7.5, 9.75], "texture": "#0"},
				"south": {"uv": [7.5, 9.5, 7.75, 9.75], "texture": "#0"},
				"west": {"uv": [7.75, 9.5, 8, 9.75], "texture": "#0"},
				"up": {"uv": [8.25, 9.75, 8, 9.5], "texture": "#0"},
				"down": {"uv": [8.5, 9.5, 8.25, 9.75], "texture": "#0"}
			}
		},
		{
			"name": "knopka5",
			"from": [7.4, 3.75, 7.5],
			"to": [8.1, 5.05, 8.2],
			"faces": {
				"north": {"uv": [8.5, 9.5, 8.75, 9.75], "texture": "#0"},
				"east": {"uv": [9.5, 8.5, 9.75, 8.75], "texture": "#0"},
				"south": {"uv": [8.75, 9.5, 9, 9.75], "texture": "#0"},
				"west": {"uv": [9.5, 8.75, 9.75, 9], "texture": "#0"},
				"up": {"uv": [9.25, 9.75, 9, 9.5], "texture": "#0"},
				"down": {"uv": [9.75, 9, 9.5, 9.25], "texture": "#0"}
			}
		},
		{
			"name": "knopka6",
			"from": [6.4, 3.75, 7.5],
			"to": [7.1, 5.05, 8.2],
			"faces": {
				"north": {"uv": [9.25, 9.5, 9.5, 9.75], "texture": "#0"},
				"east": {"uv": [9.5, 9.25, 9.75, 9.5], "texture": "#0"},
				"south": {"uv": [9.5, 9.5, 9.75, 9.75], "texture": "#0"},
				"west": {"uv": [9.75, 2, 10, 2.25], "texture": "#0"},
				"up": {"uv": [10, 2.5, 9.75, 2.25], "texture": "#0"},
				"down": {"uv": [10, 2.5, 9.75, 2.75], "texture": "#0"}
			}
		},
		{
			"name": "knopka7",
			"from": [6.4, 3.75, 8.4],
			"to": [7.1, 5.05, 9.1],
			"faces": {
				"north": {"uv": [9.75, 2.75, 10, 3], "texture": "#0"},
				"east": {"uv": [9.75, 3, 10, 3.25], "texture": "#0"},
				"south": {"uv": [9.75, 3.25, 10, 3.5], "texture": "#0"},
				"west": {"uv": [3.5, 9.75, 3.75, 10], "texture": "#0"},
				"up": {"uv": [10, 3.75, 9.75, 3.5], "texture": "#0"},
				"down": {"uv": [4, 9.75, 3.75, 10], "texture": "#0"}
			}
		},
		{
			"name": "knopka8",
			"from": [7.4, 3.75, 8.4],
			"to": [8.1, 5.05, 9.1],
			"faces": {
				"north": {"uv": [9.75, 3.75, 10, 4], "texture": "#0"},
				"east": {"uv": [4, 9.75, 4.25, 10], "texture": "#0"},
				"south": {"uv": [4.25, 9.75, 4.5, 10], "texture": "#0"},
				"west": {"uv": [4.5, 9.75, 4.75, 10], "texture": "#0"},
				"up": {"uv": [5, 10, 4.75, 9.75], "texture": "#0"},
				"down": {"uv": [5.25, 9.75, 5, 10], "texture": "#0"}
			}
		},
		{
			"name": "knopka9",
			"from": [8.4, 3.75, 8.4],
			"to": [9.1, 5.05, 9.1],
			"faces": {
				"north": {"uv": [5.25, 9.75, 5.5, 10], "texture": "#0"},
				"east": {"uv": [5.5, 9.75, 5.75, 10], "texture": "#0"},
				"south": {"uv": [5.75, 9.75, 6, 10], "texture": "#0"},
				"west": {"uv": [6, 9.75, 6.25, 10], "texture": "#0"},
				"up": {"uv": [6.5, 10, 6.25, 9.75], "texture": "#0"},
				"down": {"uv": [6.75, 9.75, 6.5, 10], "texture": "#0"}
			}
		}
	],
	"display": {
		"thirdperson_righthand": {
			"rotation": [-23.25, 0, -180],
			"translation": [-6, -8, 8.75],
			"scale": [0.375, 0.375, 0.375]
		},
		"thirdperson_lefthand": {
			"rotation": [75, 45, 0],
			"translation": [0, 2.5, 0],
			"scale": [0.375, 0.375, 0.375]
		},
		"firstperson_righthand": {
			"rotation": [0, 45, 0],
			"scale": [0.4, 0.4, 0.4]
		},
		"firstperson_lefthand": {
			"rotation": [0, 225, 0],
			"scale": [0.4, 0.4, 0.4]
		},
		"ground": {
			"translation": [0, 3, 0],
			"scale": [0.25, 0.25, 0.25]
		},
		"gui": {
			"rotation": [30, 225, 0],
			"scale": [0.625, 0.625, 0.625]
		},
		"fixed": {
			"scale": [0.5, 0.5, 0.5]
		}
	},
	"groups": [
		{
			"name": "group",
			"origin": [0, 0, 0],
			"color": 0,
			"children": [0, 1, 2, 3, 4, 5, 6, 7, 8, 9, 10, 11, 12, 13, 14]
		}
	]
}